gene,total_pat,cov_pat
PSMB8,7,0
ECHS1,13,0
PDK1,142,0
DNMT1,206,3
NFKB2,12,0
VDR,294,0
PTK2B,23,0
ROCK1,116,0
HDAC3,113,0
RXRB,1,0
ALAD,14,0
FASN,167,0
ABL1,224,0
MDH2,29,0
IMPDH1,9,0
TXNRD1,23,0
ACLY,71,2
PARP1,587,0
PIK3CD,49,0
GSR,240,0
CDA,759,0
PTGER2,6,0
JAK2,969,14
MAPK3,29,1
CKB,96,0
BMPR1A,27,0
ATP2B4,5,0
IMPDH2,8,0
PRKAB1,3,0
IDE,1566,5
ACAA1,7,0
CDK6,366,3
SLC25A4,2,0
HSD17B10,2,0
SOAT1,25,0
PDE4A,3,0
JAK1,848,14
OGDH,13,1
SDHA,54,0
AKR1B1,31,0
POLE,893859,554
PPARD,20,0
PRKCI,2,0
YES1,13,0
BRAF,1227,7
RXRA,13,0
ODC1,29,0
IDH2,299,1
MTOR,2085,1
COMT,173,2
RRM1,31,2
PPIA,49,0
SLC1A5,44,0
GAPDH,542,1
IDH1,463,2
SLC25A5,5,0
POLB,34,0
ATP6V1C1,1,0
TOP2A,61,0
F13A1,13,0
PDE3B,22,0
PRKCA,21,0
CPT1A,49,0
ADA,553,9
RAF1,44,0
IKBKB,14,0
PIK3CA,434,0
VKORC1L1,2,0
NFKB1,31,0
JAK3,373,24
FDPS,39,0
TYMS,46,0
ATP1A1,23,0
ATP2B1,9,0
ROCK2,203,0
BTK,2929,97
PSMB10,8,0
MTR,226,0
EGFR,8081,319
GAMT,28,0
POLE2,4,0
CDK4,1551,9
VKORC1,79,0
EZH2,998,10
DCK,57,0
POLE3,5,0
SLC25A6,4,0
CASP3,50,0
PRKCB,27,0
TOP1,122,1
SSTR3,22,0
PRKAB2,2,0
HPRT1,32,0
POLA1,16,0
CPT2,15,0
PRKCQ,1,0
GGPS1,10,0
ABCC1,32,0
HDAC2,213,0
TOP2B,15,0
NR3C1,21,0
ALDH2,230,1
ATP2A2,5,0
GSS,159,0
RRM2,60,2
ATP6V1B2,17,0
PLG,217,1
