publication_number,pd,target,assignee_match,assignees
CN-119331587-A,20241217,GAST,ROCHE,SHANDONG INSTITUTE OF PETROCHEMICAL TECH
US-2023398224-A1,20200207,M6PR,NOVARTIS,NOVARTIS AG
CN-114728124-A,20191126,TUBE1,ROCHE,HOFFMANN LA ROCHE
WO-2023117910-A1,20211223,KIT,ROCHE,HOFFMANN LA ROCHE | ROCHE DIAGNOSTICS GMBH | ROCHE DIAGNOSTICS OPERATIONS INC
US-2026035365-A1,20220802,EGFR,BAYER,BAYER AG | BROAD INST INC | DANA FARBER CANCER INST INC
AU-2022324410-A1,20210802,ERBB2,DIZAL,DIZAL JIANGSU PHARMACEUTICAL CO LTD
EP-4380924-A1,20210802,EGFR,DIZAL,DIZAL JIANGSU PHARMACEUTICAL CO LTD
US-2024343833-A1,20211223,KIT,ROCHE,ROCHE DIAGNOSTICS OPERATIONS INC
AU-2022411531-A1,20211213,FGFR4,ABBISKO,ABBISKO THERAPEUTICS CO LTD
CN-117642400-A,20211213,MET,ABBISKO,ABBISKO THERAPEUTICS CO LTD
AU-2022230397-A1,20210302,EGFR,DANA FARBER,DANA FARBER CANCER INST INC
MX-2024001367-A,20210802,ERBB2,DIZAL,DIZAL JIANGSU PHARMACEUTICAL CO LTD
CN-118594119-A,20240704,MET,ROCHE,UNIV GUANGDONG PETROCHEM TECH
CN-117794902-A,20210802,EGFR,DIZAL,DIZAL JIANGSU PHARMACEUTICAL CO LTD
EP-4380924-A1,20210802,EGFR,DIZAL,DIZAL JIANGSU PHARMACEUTICAL CO LTD
EP-4469088-A1,20220126,CD79B,SANOFI,SANOFI SA
CN-119278034-A,20220630,HDAC9,DANA FARBER,DANA FARBER CANCER INST INC
AU-2022411531-B2,20211213,MET,ABBISKO,ABBISKO THERAPEUTICS CO LTD
CN-117529663-A,20210617,KIT,ROCHE,HOFFMANN LA ROCHE
EP-4356131-A1,20210617,KIT,ROCHE,HOFFMANN LA ROCHE | ROCHE DIAGNOSTICS GMBH
EP-4380924-A1,20210802,ERBB2,DIZAL,DIZAL JIANGSU PHARMACEUTICAL CO LTD
CN-114426650-A,20201014,MET,ROCHE,CHINESE PETROCHEMICAL INDUSTRY LTD COMPANY | PETROLEUM ENGINEERING TECH RESEARCH INSTITUTE OF SHENGLI OILFIELD BRANCH COMPANY OF CHINA PETROCHEMI
CA-3206906-A1,20210202,CRBN,NOVARTIS,SERVIER LAB | NOVARTIS AG
CN-113912780-A,20200707,GAST,ROCHE,CHINA PETROCHEMICAL CORP | SINOPEC PETROLEUM EXPLORATION & PROD RES INST
WO-2022235945-A1,20210505,BTK,BIOGEN,BIOGEN MA INC | C4 THERAPEUTICS INC | Cheng Xinpeng | HOPKINS BRIAN T | MARX ISAAC | NEVALAINEN MARTA
CN-116854595-A,20230704,MET,ROCHE,ANHUI DONGZHI GUANGXIN AGROCHEMICAL CO LTD
WO-2023011358-A1,20210802,EGFR,DIZAL,DIZAL JIANGSU PHARMACEUTICAL CO LTD
CA-3224748-A1,20210802,EGFR,DIZAL,DIZAL JIANGSU PHARMACEUTICAL CO LTD
US-2023295137-A1,20201007,EGFR,DANA FARBER,DANA FARBER CANCER INST INC
CN-114437686-A,20201020,GAST,ROCHE,CHINESE PETROCHEMICAL INDUSTRY LTD COMPANY | NORTHWEST OIL FIELD BRANCH COMPANY OF CHINESE PETROCHEMICAL IND CO LTD
US-11952349-B2,20191113,PARP1,NUVATION,NUVATION BIO INC
CN-114437688-A,20201102,MET,ROCHE,CHINESE PETROCHEMICAL INDUSTRY LTD COMPANY | BEIJING INST OF CHEMICAL INDUSTRY OF CHINA PETROCHEMICAL INDUSTRY CO LTD
JO-P20230274-A1,20210505,BTK,BIOGEN,C4 THERAPEUTICS INC | BIOGEN MA INC
EP-4450499-A1,20211213,FGFR4,ABBISKO,ABBISKO THERAPEUTICS CO LTD
US-2025122189-A1,20211213,FGFR4,ABBISKO,ABBISKO THERAPEUTICS CO LTD
AU-2022268977-A1,20210505,BTK,BIOGEN,BIOGEN MA INC | C4 THERAPEUTICS INC
WO-2022263522-A1,20210617,KIT,ROCHE,HOFFMANN LA ROCHE | ROCHE DIAGNOSTICS GMBH | ROCHE DIAGNOSTICS OPERATIONS INC
CN-117642400-A,20211213,FGFR4,ABBISKO,ABBISKO THERAPEUTICS CO LTD
JP-2024088218-A,20221220,GAST,SUMITOMO,SUMITOMO HEAVY INDUSTRIES
WO-2023284790-A1,20210713,CDK4,JIANGSU HENGRUI,JIANGSU HENGRUI PHARMACEUTICALS CO LTD
WO-2022081478-A1,20201012,EGFR,DANA FARBER,DANA FARBER CANCER INST INC | GRAY NATHANAEL S | LI ZHENGNIAN | CHE JIANWEI | ZHANG TINGHU
EP-4100064-A1,20200207,M6PR,NOVARTIS,NOVARTIS AG
AU-2021358056-A9,20201007,EGFR,DANA FARBER,DANA FARBER CANCER INST INC
CN-218491613-U,20221021,GAST,ROCHE,JIANGSU RUIBANG AGROCHEMICAL CO LTD
US-2024182464-A1,20210202,CRBN,NOVARTIS,Les Laboratoirens Serviece | NOVARTIS AG
WO-2024110385-A1,20221121,KIT,ROCHE,HOFFMANN LA ROCHE | ROCHE DIAGNOSTICS GMBH | ROCHE DIAGNOSTICS OPERATIONS INC
WO-2023109776-A1,20211213,MET,ABBISKO,ABBISKO THERAPEUTICS CO LTD
WO-2023011358-A1,20210802,ERBB2,DIZAL,DIZAL JIANGSU PHARMACEUTICAL CO LTD
CN-117794929-A,20210202,CRBN,NOVARTIS,SERVIER LAB | NOVARTIS AG
AU-2022324410-A1,20210802,EGFR,DIZAL,DIZAL JIANGSU PHARMACEUTICAL CO LTD
US-2025387491-A1,20220630,HDAC8,DANA FARBER,DANA FARBER CANCER INST INC
TW-202321223-A,20210802,EGFR,DIZAL,DIZAL JIANGSU PHARMACEUTICAL CO LTD
AU-2022218128-A1,20210202,CRBN,NOVARTIS,SERVIER LAB | NOVARTIS AG
US-2025197377-A1,20210802,EGFR,DIZAL,DIZAL JIANGSU PHARMACEUTICAL CO LTD
CN-114876425-A,20220708,GAST,ROCHE,HEBEI GUANGDA PETROCHEMICAL CO LTD
WO-2021219309-A1,20200427,GAST,BAYER,BAYERISCHE MOTOREN WERKE AG
CN-117580592-A,20210505,BTK,C4 THERAPEUT,BOJIAN MASSACHUSETTS CO LTD | C4 THERAPEUTICS INC
CN-114517082-A,20201120,GAST,ROCHE,CHINESE PETROCHEMICAL INDUSTRY LTD COMPANY | NORTHWEST OIL FIELD BRANCH COMPANY OF CHINESE PETROCHEMICAL IND CO LTD
CA-3217417-A1,20210505,BTK,BIOGEN,BIOGEN MA INC | C4 THERAPEUTICS INC
CN-117642169-A,20210713,CDK4,JIANGSU HENGRUI,JIANGSU HENGRUI MEDICINE CO
US-12567643-B2,20200427,GAST,BAYER,BAYERISCHE MOTOREN WERKE AG
US-2025082758-A1,20220126,CD79B,SANOFI,SANOFI SA
CN-113912769-A,20200708,GAST,ROCHE,CHINA PETROCHEMICAL CORP | SINOPEC PETROLEUM EXPLORATION & PROD RES INST
CA-3224748-A1,20210802,BTK,DIZAL,DIZAL JIANGSU PHARMACEUTICAL CO LTD
MX-2024001367-A,20210802,BTK,DIZAL,DIZAL JIANGSU PHARMACEUTICAL CO LTD
WO-2023144277-A1,20220126,CD79B,SANOFI,SANOFI SA
EP-4577529-A2,20220826,CNR2,ROCHE,HOFFMANN LA ROCHE
CN-118541175-A,20211223,KIT,ROCHE,HOFFMANN LA ROCHE
EP-4201430-A1,20211223,KIT,ROCHE,HOFFMANN LA ROCHE | ROCHE DIAGNOSTICS GMBH
AU-2022324410-A1,20210802,EGFR,DIZAL,DIZAL JIANGSU PHARMACEUTICAL CO LTD
CN-114426635-A,20201014,MET,ROCHE,CHINESE PETROCHEMICAL INDUSTRY LTD COMPANY | PETROLEUM ENGINEERING TECH RESEARCH INSTITUTE OF SHENGLI OILFIELD BRANCH COMPANY OF CHINA PETROCHEMI
CN-117794902-A,20210802,BTK,DIZAL,DIZAL JIANGSU PHARMACEUTICAL CO LTD
CN-114940891-A,20220602,SLC6A2,ROCHE,CHINA PETROLEUM & CHEM CORP | CHINA PETROCHEMICAL & CHEMICAL CORP JIANGSU OILFIELD BRANCH
US-2025277801-A1,20221121,KIT,ROCHE,ROCHE DIAGNOSTICS OPERATIONS INC
TW-202321223-A,20210802,BTK,DIZAL,DIZAL JIANGSU PHARMACEUTICAL CO LTD
TW-202321223-A,20210802,EGFR,DIZAL,DIZAL JIANGSU PHARMACEUTICAL CO LTD
CN-120818095-A,20240415,GAST,ROCHE,CHINA PETROLEUM & CHEM CORP | SINOPEC SHANGHAI PETROCHEMICAL RES INSTITUTE CO LTD
US-2025325711-A1,20220826,CNR2,ROCHE,HOFFMANN LA ROCHE
WO-2022076589-A1,20201007,EGFR,DANA FARBER,DANA FARBER CANCER INST INC | LI ZHENGNIAN | CHE JIANWEI | ZHANG TINGHU | GRAY NATHANAEL S
EP-4333899-A1,20210505,BTK,BIOGEN,BIOGEN MA INC | C4 THERAPEUTICS INC
CA-3195035-A1,20201012,EGFR,DANA FARBER,DANA FARBER CANCER INST INC | GRAY NATHANAEL S | LI ZHENGNIAN | CHE JIANWEI | ZHANG TINGHU
CN-111621283-A,20200624,GAST,ROCHE,SHAANXI FENGDENG PETROCHEMICAL CO LTD
EP-4489861-A1,20220309,KIT,MERCK,MERCK PATENT GMBH
CN-114634808-A,20220324,GAST,ROCHE,SHAANXI FENGDEN PETROCHEMICAL CO LTD
CN-118829448-A,20220126,CD79B,SANOFI,SANOFI AVENTIS
CN-117794902-A,20210802,EGFR,DIZAL,DIZAL JIANGSU PHARMACEUTICAL CO LTD
WO-2026035776-A1,20240805,PIK3CA,FRONTIER MED,FRONTIER MEDICINES CORP
US-2025122189-A1,20211213,MET,ABBISKO,ABBISKO THERAPEUTICS CO LTD
EP-4225288-A1,20201007,EGFR,DANA FARBER,DANA FARBER CANCER INST INC
US-2025170268-A1,20220309,KIT,MERCK,MERCK PATENT GMBH
CA-3224748-A1,20210802,ERBB2,DIZAL,DIZAL JIANGSU PHARMACEUTICAL CO LTD
TW-202309039-A,20210505,BTK,BIOGEN,BIOGEN MA INC | C4 THERAPEUTICS INC
CN-117402288-A,20231027,GAST,ROCHE,QINGYANG WODE PETROCHEMICAL CO LTD
CN-114479367-A,20201023,KIT,ROCHE,CHINESE PETROCHEMICAL INDUSTRY LTD COMPANY | SHANGHAI PETROCHEMICAL RES INSTITUTE OF CHINA PETROCHEMICAL INDUSTRY LIMITED COMPANY
WO-2024006403-A3,20220630,HDAC8,DANA FARBER,DANA FARBER CANCER INST INC
CN-117843861-A,20221008,GAST,ROCHE,CHINA PETROLEUM & CHEM CORP | SINOPEC SHANGHAI RES INSTF PETROCHEMICAL TECH
AU-2021358056-A1,20201007,EGFR,DANA FARBER,DANA FARBER CANCER INST INC
CA-3228456-A1,20211213,MET,ABBISKO,ABBISKO THERAPEUTICS CO LTD
WO-2022169780-A1,20210202,CRBN,NOVARTIS,SERVIER LAB | NOVARTIS AG | HERNER ANDRAS | MARKACZ PIROSKA | LIU GANG | NAKAJIMA KATSUMASA
CA-3210395-A1,20210302,EGFR,DANA FARBER,DANA FARBER CANCER INST INC
WO-2023011358-A1,20210802,EGFR,DIZAL,DIZAL JIANGSU PHARMACEUTICAL CO LTD
CN-114437379-A,20201105,HTR1B,ROCHE,CHINESE PETROCHEMICAL INDUSTRY LTD COMPANY | NORTHWEST OIL FIELD BRANCH COMPANY OF CHINESE PETROCHEMICAL IND CO LTD
CA-3224748-A1,20210802,EGFR,DIZAL,DIZAL JIANGSU PHARMACEUTICAL CO LTD
MX-2023013046-A,20210505,BTK,BIOGEN,BIOGEN MA INC
WO-2024042146-A3,20220826,CNR2,ROCHE,HOFFMANN LA ROCHE | HOFFMANN LA ROCHE
WO-2022187363-A1,20210302,EGFR,DANA FARBER,DANA FARBER CANCER INST INC
CN-116813822-A,20230629,GAST,ROCHE,SHAANXI RIXIN PETROCHEMICAL CO LTD
WO-2021156792-A1,20200207,M6PR,NOVARTIS,NOVARTIS AG
EP-4301360-A1,20210302,EGFR,DANA FARBER,DANA FARBER CANCER INST INC
WO-2023011358-A1,20210802,BTK,DIZAL,DIZAL JIANGSU PHARMACEUTICAL CO LTD
CA-3194824-A1,20201007,EGFR,DANA FARBER,DANA FARBER CANCER INST INC | LI ZHENGNIAN | CHE JIANWEI | ZHANG TINGHU | GRAY NATHANAEL S
CN-114426505-A,20201014,GAST,ROCHE,CHINESE PETROCHEMICAL INDUSTRY LTD COMPANY | PETROLEUM ENGINEERING TECH RESEARCH INSTITUTE OF SHENGLI OILFIELD BRANCH COMPANY OF CHINA PETROCHEMI
CN-119278034-A,20220630,HDAC8,DANA FARBER,DANA FARBER CANCER INST INC
US-2023198086-A1,20200427,GAST,BAYER,BAYERISCHE MOTOREN WERKE AG
WO-2024028316-A1,20220802,EGFR,BAYER,BAYER AG | BROAD INST INC | DANA FARBER CANCER INST INC
AU-2021360412-A1,20201012,EGFR,DANA FARBER,DANA FARBER CANCER INST INC
CN-118290685-A,20240403,GAST,ROCHE,QUANGANG PETROCHEMICAL RESEARCH INSTITUTE OF FUJIAN NORMAL UNIV
CA-3228456-A1,20211213,FGFR4,ABBISKO,ABBISKO THERAPEUTICS CO LTD
WO-2024042146-A2,20220826,CNR2,ROCHE,HOFFMANN LA ROCHE | HOFFMANN LA ROCHE
WO-2023170239-A1,20220309,KIT,MERCK,MERCK PATENT GMBH
AU-2022411531-A1,20211213,MET,ABBISKO,ABBISKO THERAPEUTICS CO LTD
JP-2025000672-A,20211214,BTK,NOVARTIS,NOVARTIS AG
US-2025179063-A2,20210202,CRBN,NOVARTIS,HERNER ANDRAS | MARKACZ PIROSKA | LIU GANG | NAKAJIMA KATSUMASA | NOVAK TIBOR | FRANZETTI GEORGES ALAIN | STARCK JEROME BENOIT | COLLAND FREDERIC | DESOS PATRICE | PACZAL ATTILA | SZOKOL BIANKA | TIMARI MATYAS PAL | KUN VILIBALD | BURGER MATTHEW T | DALESSIO JOSEPH ANTHONY | SEISS KATHERINE ELIZABETH | THOMAS RANNY MATHEW | ZHAO LIANG | SERVIER LAB | NOVARTIS AG
EP-4288434-A1,20210202,CRBN,NOVARTIS,SERVIER LAB | NOVARTIS AG
EP-4452330-A1,20211223,KIT,ROCHE,HOFFMANN LA ROCHE | ROCHE DIAGNOSTICS GMBH
WO-2023109776-A1,20211213,FGFR4,ABBISKO,ABBISKO THERAPEUTICS CO LTD
MX-2024001367-A,20210802,EGFR,DIZAL,DIZAL JIANGSU PHARMACEUTICAL CO LTD
CN-120225880-A,20221121,KIT,ROCHE,HOFFMANN LA ROCHE
TW-202317135-A,20210713,CDK4,JIANGSU HENGRUI,JIANGSU HENGRUI PHARMACEUTICALS CO LTD
AU-2022411531-B2,20211213,FGFR4,ABBISKO,ABBISKO THERAPEUTICS CO LTD
CN-112746087-A,20191031,TUBE1,ROCHE,CHINA PETROLEUM & CHEM CORP | SINOPEC DALIAN RES INST PETROLEUM & PETROCHEMICALS
EP-4450499-A1,20211213,MET,ABBISKO,ABBISKO THERAPEUTICS CO LTD
CN-116625784-A,20230525,GAST,ROCHE,TIANJIN BOHAI PETROCHEMICAL CO LTD
CN-113930225-A,20211022,GAST,ROCHE,CHINA PETROCHEMICAL CORP | PETROLEUM ENGINEERING TECH RESEARCH INSTITUTE SINOPEC JIANGHAN OILFIELD COMPANY
US-2024376094-A2,20210202,CRBN,NOVARTIS,HERNER ANDRAS | MARKACZ PIROSKA | LIU GANG | NAKAJIMA KATSUMASA | NOVAK TIBOR | FRANZETTI GEORGES ALAIN | STARCK JEROME BENOIT | COLLAND FREDERIC | DESOS PATRICE | PACZAL ATTILA | SZOKOL BIANKA | TIMARI MATYAS | KUN VILIBALD | BURGER MATTHEW | DALESSIO JOSEPH | SEISS KATHERINE | THOMAS RANNY | ZHAO LIANG | SERVIER LAB | NOVARTIS AG
EP-4623304-A1,20221121,KIT,ROCHE,HOFFMANN LA ROCHE | ROCHE DIAGNOSTICS GMBH
CN-115041150-A,20220623,TUBE1,ROCHE,YANTAI QISHENG PETROCHEMICAL CO LTD
EP-4225309-A1,20201012,EGFR,DANA FARBER,DANA FARBER CANCER INST INC
CN-114437690-A,20201102,MET,ROCHE,CHINESE PETROCHEMICAL INDUSTRY LTD COMPANY | BEIJING INST OF CHEMICAL INDUSTRY OF CHINA PETROCHEMICAL INDUSTRY CO LTD
MX-2024001367-A,20210802,EGFR,DIZAL,DIZAL JIANGSU PHARMACEUTICAL CO LTD
US-2024142447-A1,20210617,KIT,ROCHE,ROCHE DIAGNOSTICS OPERATIONS INC
AU-2021360412-A9,20201012,EGFR,DANA FARBER,DANA FARBER CANCER INST INC
US-2024166665-A1,20210302,EGFR,DANA FARBER,DANA FARBER CANCER INST INC
US-2024287076-A1,20210505,BTK,BIOGEN,BIOGEN MA INC | C4 THERAPEUTICS INC
TW-202321223-A,20210802,ERBB2,DIZAL,DIZAL JIANGSU PHARMACEUTICAL CO LTD
US-2025197377-A1,20210802,ERBB2,DIZAL,DIZAL JIANGSU PHARMACEUTICAL CO LTD
JP-2024164208-A,20190523,BTK,NOVARTIS,NOVARTIS AG
US-2023339922-A1,20201012,EGFR,DANA FARBER,DANA FARBER CANCER INST INC
EP-4565584-A1,20220802,EGFR,BAYER,BAYER AG | BROAD INST INC | DANA FARBER CANCER INST INC
JP-2025148348-A,20200207,M6PR,NOVARTIS,NOVARTIS AG
AU-2022324410-A1,20210802,BTK,DIZAL,DIZAL JIANGSU PHARMACEUTICAL CO LTD
US-2025197377-A1,20210802,BTK,DIZAL,DIZAL JIANGSU PHARMACEUTICAL CO LTD
US-2025197377-A1,20210802,EGFR,DIZAL,DIZAL JIANGSU PHARMACEUTICAL CO LTD
EP-4380924-A1,20210802,BTK,DIZAL,DIZAL JIANGSU PHARMACEUTICAL CO LTD
CN-117886410-A,20221013,GAST,ROCHE,CHINA PETROLEUM & CHEM CORP | SINOPEC DALIAN RES INST PETROLEUM & PETROCHEMICALS CO LTD
WO-2025252914-A1,20240606,KIT,ROCHE,ROCHE DIAGNOSTICS GMBH
