symbol,fam,tdl,n_lig_cys,total_pat,cov_pat,cov_frac
CDA,Enzyme,Tclin,3,759,0,0.0
PARP1,Enzyme,Tclin,3,587,0,0.0
PIK3CA,Kinase,Tclin,1,434,0,0.0
VDR,NR,Tclin,2,294,0,0.0
GSR,Enzyme,Tclin,2,240,0,0.0
MTR,Enzyme,Tbio,4,226,0,0.0
ABL1,Kinase,Tclin,1,224,0,0.0
HDAC2,Epigenetic,Tclin,1,213,0,0.0
ROCK2,Kinase,Tclin,5,203,0,0.0
FASN,Enzyme,Tchem,9,167,0,0.0
GSS,Enzyme,Tbio,1,159,0,0.0
PDK1,Kinase,Tchem,1,142,0,0.0
ROCK1,Kinase,Tclin,1,116,0,0.0
HDAC3,Epigenetic,Tclin,2,113,0,0.0
CKB,Kinase,Tbio,4,96,0,0.0
VKORC1,Enzyme,Tclin,2,79,0,0.0
TOP2A,Enzyme,Tclin,3,61,0,0.0
DCK,Kinase,Tchem,3,57,0,0.0
SDHA,Enzyme,Tbio,5,54,0,0.0
CASP3,Enzyme,Tchem,3,50,0,0.0
PIK3CD,Kinase,Tclin,2,49,0,0.0
PPIA,Enzyme,Tclin,3,49,0,0.0
CPT1A,Enzyme,Tchem,2,49,0,0.0
TYMS,Enzyme,Tclin,3,46,0,0.0
SLC1A5,Transporter,Tbio,2,44,0,0.0
RAF1,Kinase,Tclin,3,44,0,0.0
FDPS,Enzyme,Tclin,4,39,0,0.0
POLB,Enzyme,Tchem,1,34,0,0.0
HPRT1,Enzyme,Tchem,1,32,0,0.0
ABCC1,Transporter,Tchem,1,32,0,0.0
AKR1B1,Enzyme,Tclin,3,31,0,0.0
NFKB1,TF,Tclin,1,31,0,0.0
MDH2,Enzyme,Tchem,1,29,0,0.0
ODC1,Enzyme,Tclin,1,29,0,0.0
GAMT,Enzyme,Tbio,1,28,0,0.0
BMPR1A,Kinase,Tchem,1,27,0,0.0
PRKCB,Kinase,Tchem,1,27,0,0.0
SOAT1,Enzyme,Tchem,1,25,0,0.0
PTK2B,Kinase,Tclin,2,23,0,0.0
TXNRD1,Enzyme,Tclin,4,23,0,0.0
ATP1A1,Transporter,Tclin,4,23,0,0.0
PDE3B,Enzyme,Tclin,10,22,0,0.0
SSTR3,GPCR,Tclin,1,22,0,0.0
PRKCA,Kinase,Tchem,1,21,0,0.0
NR3C1,NR,Tclin,5,21,0,0.0
PPARD,NR,Tchem,2,20,0,0.0
ATP6V1B2,Enzyme,Tbio,3,17,0,0.0
POLA1,Enzyme,Tclin,7,16,0,0.0
CPT2,Enzyme,Tchem,1,15,0,0.0
TOP2B,Enzyme,Tclin,6,15,0,0.0
ALAD,Enzyme,Tbio,1,14,0,0.0
IKBKB,Kinase,Tchem,2,14,0,0.0
ECHS1,Enzyme,Tbio,1,13,0,0.0
YES1,Kinase,Tclin,1,13,0,0.0
RXRA,NR,Tclin,2,13,0,0.0
F13A1,Enzyme,Tchem,1,13,0,0.0
NFKB2,TF,Tchem,1,12,0,0.0
GGPS1,Enzyme,Tchem,1,10,0,0.0
IMPDH1,Enzyme,Tclin,1,9,0,0.0
ATP2B1,Transporter,Tbio,3,9,0,0.0
IMPDH2,Enzyme,Tclin,4,8,0,0.0
PSMB10,Enzyme,Tchem,1,8,0,0.0
PSMB8,Enzyme,Tclin,1,7,0,0.0
ACAA1,Enzyme,Tbio,5,7,0,0.0
PTGER2,GPCR,Tclin,1,6,0,0.0
ATP2B4,Transporter,Tbio,2,5,0,0.0
SLC25A5,Transporter,Tchem,3,5,0,0.0
POLE3,Enzyme,Tbio,1,5,0,0.0
ATP2A2,Transporter,Tchem,6,5,0,0.0
POLE2,Enzyme,Tbio,3,4,0,0.0
SLC25A6,Transporter,Tchem,1,4,0,0.0
PRKAB1,Kinase,Tbio,1,3,0,0.0
PDE4A,Enzyme,Tclin,1,3,0,0.0
SLC25A4,Transporter,Tbio,3,2,0,0.0
HSD17B10,Enzyme,Tchem,2,2,0,0.0
PRKCI,Kinase,Tchem,1,2,0,0.0
VKORC1L1,Enzyme,Tbio,2,2,0,0.0
PRKAB2,Enzyme,Tchem,1,2,0,0.0
RXRB,NR,Tclin,2,1,0,0.0
ATP6V1C1,Enzyme,Tbio,1,1,0,0.0
PRKCQ,Kinase,Tchem,2,1,0,0.0
MTOR,Kinase,Tclin,2,2085,1,0.0
GAPDH,Enzyme,Tchem,2,542,1,0.002
IDH2,Enzyme,Tclin,2,299,1,0.003
ALDH2,Enzyme,Tclin,1,230,1,0.004
PLG,Enzyme,Tclin,1,217,1,0.005
TOP1,Enzyme,Tclin,2,122,1,0.008
MAPK3,Kinase,Tchem,1,29,1,0.034
OGDH,Enzyme,Tbio,1,13,1,0.077
IDH1,Enzyme,Tclin,3,463,2,0.004
COMT,Enzyme,Tclin,2,173,2,0.012
ACLY,Enzyme,Tclin,4,71,2,0.028
RRM2,Enzyme,Tclin,1,60,2,0.033
RRM1,Enzyme,Tclin,7,31,2,0.065
CDK6,Kinase,Tclin,2,366,3,0.008
DNMT1,Enzyme,Tclin,4,206,3,0.015
IDE,Enzyme,Tchem,1,1566,5,0.003
BRAF,Kinase,Tclin,3,1227,7,0.006
CDK4,Kinase,Tclin,2,1551,9,0.006
ADA,Enzyme,Tclin,1,553,9,0.016
EZH2,Epigenetic,Tclin,2,998,10,0.01
JAK2,Kinase,Tclin,2,969,14,0.014
JAK1,Kinase,Tclin,6,848,14,0.017
JAK3,Kinase,Tclin,6,373,24,0.064
BTK,Kinase,Tclin,2,2929,97,0.033
EGFR,Kinase,Tclin,7,8081,319,0.039
POLE,Enzyme,Tclin,2,893859,554,0.001
