symbol,proteinid,n_lig_cys,resids
KEAP1,Q14145,12,319;288;241;297;151;23;613;257;38;249;395;406
PDE3B,Q13370,10,55;52;76;321;35;394;297;311;576;579
FASN,P49327,9,2359;1558;2202;1141;223;2292;1881;2369;1564
TUBA1A,Q71U36,7,347;376;20;25;129;200;316
POLA1,P09884,7,1403;514;1310;1315;1281;1283;1286
RRM1,P23921,7,352;492;779;356;238;425;429
EGFR,P00533,7,1049;311;248;251;236;231;207
ATP2A2,P16615,6,669;447;471;997;344;349
XPO1,O14980,6,34;528;1070;164;119;99
JAK1,P23458,6,169;944;1116;1120;810;817
TUBB4B,P68371,6,213;354;239;303;127;129
TOP2B,Q02880,6,426;271;7;191;754;1018
JAK3,P52333,6,1048;1105;695;934;909;16
TUBA4A,P68366,5,295;347;315;54;305
ACAA1,P09110,5,381;177;123;218;87
NR3C1,P04150,5,302;622;367;638;643
ROCK2,O75116,5,804;649;607;761;766
SDHA,P31040,5,475;189;190;191;467
TUBB,P07437,5,239;354;303;129;127
TXNRD1,Q16881,4,209;515;533;214
CKB,P12277,4,283;254;141;146
MTR,Q99707,4,400;798;812;1153
ATP1A1,P05023,4,211;249;463;459
ATIC,P31939,4,287;101;434;363
IMPDH2,P12268,4,140;331;173;339
ACLY,P53396,4,764;20;845;633
DNMT1,P26358,4,1478;1071;62;580
FDPS,P14324,4,333;204;62;340
TOP2A,P11388,3,405;392;455
EEF2,P13639,3,41;136;567
ATP6V1B2,P21281,3,162;112;425
POLE2,P56282,3,408;494;496
CDA,P32320,3,14;8;21
RAF1,P04049,3,637;27;577
TYMS,P04818,3,199;195;210
DCK,P27707,3,9;45;59
PPIA,P62937,3,62;161;115
SLC25A5,P05141,3,160;257;57
IDH1,O75874,3,269;379;73
PLIN3,O60664,3,39;341;60
BRAF,P15056,3,748;261;264
NISCH,Q9Y2I1,3,848;884;887
SLC25A4,P12235,3,160;257;57
PARP1,P09874,3,429;256;311
ATP2B1,P20020,3,463;473;733
CASP3,P42574,3,170;184;163
AKR1B1,P15121,3,299;200;304
PRDX5,P30044,2,204;100
IDH2,P48735,2,308;418
IKBKB,O14920,2,464;179
EZH2,Q15910,2,503;14
PIK3CD,O00329,2,219;90
MAP4,P27816,2,635;1008
CDK6,Q00534,2,83;15
PPARD,Q03181,2,249;251
RXRB,P28702,2,340;19
GART,P22102,2,41;237
VKORC1,Q9BQB6,2,43;51
PTK2B,Q14289,2,899;972
HDAC3,O15379,2,279;123
TUBB3,Q13509,2,129;124
ACTN1,P12814,2,370;480
MTOR,P42345,2,1214;2400
ANXA4,P09525,2,198;108
ATP2B4,P23634,2,710;721
VKORC1L1,Q8N0U8,2,50;58
TOP1,P11387,2,733;505
HSD17B10,Q99714,2,214;58
BTK,Q06187,2,481;337
GSR,P00390,2,102;107
CRBN,Q96SW2,2,287;219
SLC1A5,Q15758,2,363;39
VDR,P11473,2,288;151
GAPDH,P04406,2,152;156
JAK2,O60674,2,243;125
PRKCQ,Q04759,2,303;322
CPT1A,P50416,2,304;96
RXRA,P19793,2,135;138
COMT,P21964,2,119;83
RPL3,P39023,2,253;114
POLE,Q07864,2,2148;445
CDK4,P11802,2,78;135
CKMT1B,P12532,2,316;89
YES1,P07947,1,287
ADA,P00813,1,75
SMN2,Q16637,1,60
IL4R,P24394,1,342
ABL1,P00519,1,1100
POLB,P06746,1,267
IMPDH1,P20839,1,331
CCDC51,Q96ER9,1,331
PRKAB2,O43741,1,178
GGPS1,O95749,1,205
POLE4,Q9NR33,1,84
IDE,P14735,1,974
RRM2,P31350,1,202
ANXA5,P08758,1,316
MDH2,P40926,1,212
PRKCA,P17252,1,71
ITGB7,P26010,1,271
HPRT1,P00492,1,106
PIK3CA,P42336,1,242
POLE3,Q9NRF9,1,51
CD2,P06729,1,186
MS4A1,P11836,1,220
NFKB1,P19838,1,61
FGB,P02675,1,437
BMPR1A,P36894,1,503
SOAT1,P35610,1,92
GAMT,Q14353,1,91
ALAD,P13716,1,223
PDE4A,P27815,1,218
CPT2,P23786,1,512
SERPIND1,P05546,1,292
F5,P12259,1,526
PRKCB,P05771,1,217
F9,P00740,1,178
MAPK3,P27361,1,178
PDCD1,Q15116,1,93
ABCC1,P33527,1,730
SERPINC1,P01008,1,160
PRKAB1,Q9Y478,1,223
ALDH2,P05091,1,319
F13A1,P00488,1,410
PRKCI,P41743,1,400
ITGAL,P20701,1,111
ATP6V1C1,P21283,1,376
PDK1,Q15118,1,71
HMMR,O75330,1,712
SSTR3,P32745,1,245
PSMB8,P28062,1,120
ROCK1,Q13464,1,1206
SLC25A6,P12236,1,160
GSS,P48637,1,409
F2,P00734,1,391
PSMB10,P40306,1,17
PLG,P00747,1,784
PTGER2,P43116,1,234
HDAC2,Q92769,1,312
MAPT,P10636,1,608
ECHS1,P30084,1,111
OGDH,Q02218,1,283
GANAB,Q14697,1,502
NFKB2,Q00653,1,57
IL2RB,P14784,1,280
ODC1,P11926,1,360
TSPO,P30536,1,19
